,peptide,water,HAuCl4,hepes,Slot,LabwareType,WellCode,WellIndex,UID,peptide_name
0,4.00E-05,1,4.00E-05,0.0001,4,corning-48-3548,A1,0,2021-07-08MZ2_S4_A1,MZ2
1,4.00E-05,1,4.00E-05,0.001,4,corning-48-3548,B1,1,2021-07-08MZ2_S4_B1,MZ2
2,4.00E-05,1,4.00E-05,0,4,corning-48-3548,C1,2,2021-07-08MZ2_S4_C1,MZ2
3,4.00E-05,1,6.84E-05,0.0001,4,corning-48-3548,D1,3,2021-07-08MZ2_S4_D1,MZ2
4,4.00E-05,1,6.84E-05,0.001,4,corning-48-3548,E1,4,2021-07-08MZ2_S4_E1,MZ2
5,4.00E-05,1,6.84E-05,0,4,corning-48-3548,F1,5,2021-07-08MZ2_S4_F1,MZ2
6,4.00E-05,1,0.000116961,0.0001,4,corning-48-3548,A2,6,2021-07-08MZ2_S4_A2,MZ2
7,4.00E-05,1,0.000116961,0.001,4,corning-48-3548,B2,7,2021-07-08MZ2_S4_B2,MZ2
8,4.00E-05,1,0.000116961,0,4,corning-48-3548,C2,8,2021-07-08MZ2_S4_C2,MZ2
9,4.00E-05,1,0.0002,0.0001,4,corning-48-3548,D2,9,2021-07-08MZ2_S4_D2,MZ2
10,4.00E-05,1,0.0002,0.001,4,corning-48-3548,E2,10,2021-07-08MZ2_S4_E2,MZ2
11,4.00E-05,1,0.0002,0,4,corning-48-3548,F2,11,2021-07-08MZ2_S4_F2,MZ2
12,8.94E-05,1,4.00E-05,0.0001,4,corning-48-3548,A3,12,2021-07-08MZ2_S4_A3,MZ2
13,8.94E-05,1,4.00E-05,0.001,4,corning-48-3548,B3,13,2021-07-08MZ2_S4_B3,MZ2
14,8.94E-05,1,4.00E-05,0,4,corning-48-3548,C3,14,2021-07-08MZ2_S4_C3,MZ2
15,8.94E-05,1,6.84E-05,0.0001,4,corning-48-3548,D3,15,2021-07-08MZ2_S4_D3,MZ2
16,8.94E-05,1,6.84E-05,0.001,4,corning-48-3548,E3,16,2021-07-08MZ2_S4_E3,MZ2
17,8.94E-05,1,6.84E-05,0,4,corning-48-3548,F3,17,2021-07-08MZ2_S4_F3,MZ2
18,8.94E-05,1,0.000116961,0.0001,4,corning-48-3548,A4,18,2021-07-08MZ2_S4_A4,MZ2
19,8.94E-05,1,0.000116961,0.001,4,corning-48-3548,B4,19,2021-07-08MZ2_S4_B4,MZ2
20,8.94E-05,1,0.000116961,0,4,corning-48-3548,C4,20,2021-07-08MZ2_S4_C4,MZ2
21,8.94E-05,1,0.0002,0.0001,4,corning-48-3548,D4,21,2021-07-08MZ2_S4_D4,MZ2
22,8.94E-05,1,0.0002,0.001,4,corning-48-3548,E4,22,2021-07-08MZ2_S4_E4,MZ2
23,8.94E-05,1,0.0002,0,4,corning-48-3548,F4,23,2021-07-08MZ2_S4_F4,MZ2
24,0.0002,1,4.00E-05,0.0001,4,corning-48-3548,A5,24,2021-07-08MZ2_S4_A5,MZ2
25,0.0002,1,4.00E-05,0.001,4,corning-48-3548,B5,25,2021-07-08MZ2_S4_B5,MZ2
26,0.0002,1,4.00E-05,0,4,corning-48-3548,C5,26,2021-07-08MZ2_S4_C5,MZ2
27,0.0002,1,6.84E-05,0.0001,4,corning-48-3548,D5,27,2021-07-08MZ2_S4_D5,MZ2
28,0.0002,1,6.84E-05,0.001,4,corning-48-3548,E5,28,2021-07-08MZ2_S4_E5,MZ2
29,0.0002,1,6.84E-05,0,4,corning-48-3548,F5,29,2021-07-08MZ2_S4_F5,MZ2
30,0.0002,1,0.000116961,0.0001,4,corning-48-3548,A6,30,2021-07-08MZ2_S4_A6,MZ2
31,0.0002,1,0.000116961,0.001,4,corning-48-3548,B6,31,2021-07-08MZ2_S4_B6,MZ2
32,0.0002,1,0.000116961,0,4,corning-48-3548,C6,32,2021-07-08MZ2_S4_C6,MZ2
33,0.0002,1,0.0002,0.0001,4,corning-48-3548,D6,33,2021-07-08MZ2_S4_D6,MZ2
34,0.0002,1,0.0002,0.001,4,corning-48-3548,E6,34,2021-07-08MZ2_S4_E6,MZ2
35,0.0002,1,0.0002,0,4,corning-48-3548,F6,35,2021-07-08MZ2_S4_F6,MZ2
36,0,1,4.00E-05,0.0001,4,corning-48-3548,A7,36,2021-07-08MZ2_S4_A7,MZ2
37,0,1,4.00E-05,0.001,4,corning-48-3548,B7,37,2021-07-08MZ2_S4_B7,MZ2
38,0,1,4.00E-05,0,4,corning-48-3548,C7,38,2021-07-08MZ2_S4_C7,MZ2
39,0,1,6.84E-05,0.0001,4,corning-48-3548,D7,39,2021-07-08MZ2_S4_D7,MZ2
40,0,1,6.84E-05,0.001,4,corning-48-3548,E7,40,2021-07-08MZ2_S4_E7,MZ2
41,0,1,6.84E-05,0,4,corning-48-3548,F7,41,2021-07-08MZ2_S4_F7,MZ2
42,0,1,0.000116961,0.0001,4,corning-48-3548,A8,42,2021-07-08MZ2_S4_A8,MZ2
43,0,1,0.000116961,0.001,4,corning-48-3548,B8,43,2021-07-08MZ2_S4_B8,MZ2
44,0,1,0.000116961,0,4,corning-48-3548,C8,44,2021-07-08MZ2_S4_C8,MZ2
45,0,1,0.0002,0.0001,4,corning-48-3548,D8,45,2021-07-08MZ2_S4_D8,MZ2
46,0,1,0.0002,0.001,4,corning-48-3548,E8,46,2021-07-08MZ2_S4_E8,MZ2
47,0,1,0.0002,0,4,corning-48-3548,F8,47,2021-07-08MZ2_S4_F8,MZ2
48,4.00E-05,1,4.00E-05,1.00E-05,5,corning-48-3548,A1,48,2021-07-08MZ2_S5_A1,MZ2
49,4.00E-05,1,6.84E-05,1.00E-05,5,corning-48-3548,B1,49,2021-07-08MZ2_S5_B1,MZ2
50,4.00E-05,1,0.000116961,1.00E-05,5,corning-48-3548,C1,50,2021-07-08MZ2_S5_C1,MZ2
51,4.00E-05,1,0.0002,1.00E-05,5,corning-48-3548,D1,51,2021-07-08MZ2_S5_D1,MZ2
52,8.94E-05,1,4.00E-05,1.00E-05,5,corning-48-3548,E1,52,2021-07-08MZ2_S5_E1,MZ2
53,8.94E-05,1,6.84E-05,1.00E-05,5,corning-48-3548,F1,53,2021-07-08MZ2_S5_F1,MZ2
54,8.94E-05,1,0.000116961,1.00E-05,5,corning-48-3548,A2,54,2021-07-08MZ2_S5_A2,MZ2
55,8.94E-05,1,0.0002,1.00E-05,5,corning-48-3548,B2,55,2021-07-08MZ2_S5_B2,MZ2
56,0.0002,1,4.00E-05,1.00E-05,5,corning-48-3548,C2,56,2021-07-08MZ2_S5_C2,MZ2
57,0.0002,1,6.84E-05,1.00E-05,5,corning-48-3548,D2,57,2021-07-08MZ2_S5_D2,MZ2
58,0.0002,1,0.000116961,1.00E-05,5,corning-48-3548,E2,58,2021-07-08MZ2_S5_E2,MZ2
59,0.0002,1,0.0002,1.00E-05,5,corning-48-3548,F2,59,2021-07-08MZ2_S5_F2,MZ2
60,0,1,4.00E-05,1.00E-05,5,corning-48-3548,A3,60,2021-07-08MZ2_S5_A3,MZ2
61,0,1,6.84E-05,1.00E-05,5,corning-48-3548,B3,61,2021-07-08MZ2_S5_B3,MZ2
62,0,1,0.000116961,1.00E-05,5,corning-48-3548,C3,62,2021-07-08MZ2_S5_C3,MZ2
63,0,1,0.0002,1.00E-05,5,corning-48-3548,D3,63,2021-07-08MZ2_S5_D3,MZ2
64,4.00E-05,1,4.00E-05,0.0001,4,corning-48-3548,A1,0,2021-11-06MZ2R_S4_A1,MZ2R
65,4.00E-05,1,4.00E-05,0.001,4,corning-48-3548,B1,1,2021-11-06MZ2R_S4_B1,MZ2R
66,4.00E-05,1,4.00E-05,0,4,corning-48-3548,C1,2,2021-11-06MZ2R_S4_C1,MZ2R
67,4.00E-05,1,6.84E-05,0.0001,4,corning-48-3548,D1,3,2021-11-06MZ2R_S4_D1,MZ2R
68,4.00E-05,1,6.84E-05,0.001,4,corning-48-3548,E1,4,2021-11-06MZ2R_S4_E1,MZ2R
69,4.00E-05,1,6.84E-05,0,4,corning-48-3548,F1,5,2021-11-06MZ2R_S4_F1,MZ2R
70,4.00E-05,1,0.000116961,0.0001,4,corning-48-3548,A2,6,2021-11-06MZ2R_S4_A2,MZ2R
71,4.00E-05,1,0.000116961,0.001,4,corning-48-3548,B2,7,2021-11-06MZ2R_S4_B2,MZ2R
72,4.00E-05,1,0.000116961,0,4,corning-48-3548,C2,8,2021-11-06MZ2R_S4_C2,MZ2R
73,4.00E-05,1,0.0002,0.0001,4,corning-48-3548,D2,9,2021-11-06MZ2R_S4_D2,MZ2R
74,4.00E-05,1,0.0002,0.001,4,corning-48-3548,E2,10,2021-11-06MZ2R_S4_E2,MZ2R
75,4.00E-05,1,0.0002,0,4,corning-48-3548,F2,11,2021-11-06MZ2R_S4_F2,MZ2R
76,8.94E-05,1,4.00E-05,0.0001,4,corning-48-3548,A3,12,2021-11-06MZ2R_S4_A3,MZ2R
77,8.94E-05,1,4.00E-05,0.001,4,corning-48-3548,B3,13,2021-11-06MZ2R_S4_B3,MZ2R
78,8.94E-05,1,4.00E-05,0,4,corning-48-3548,C3,14,2021-11-06MZ2R_S4_C3,MZ2R
79,8.94E-05,1,6.84E-05,0.0001,4,corning-48-3548,D3,15,2021-11-06MZ2R_S4_D3,MZ2R
80,8.94E-05,1,6.84E-05,0.001,4,corning-48-3548,E3,16,2021-11-06MZ2R_S4_E3,MZ2R
81,8.94E-05,1,6.84E-05,0,4,corning-48-3548,F3,17,2021-11-06MZ2R_S4_F3,MZ2R
82,8.94E-05,1,0.000116961,0.0001,4,corning-48-3548,A4,18,2021-11-06MZ2R_S4_A4,MZ2R
83,8.94E-05,1,0.000116961,0.001,4,corning-48-3548,B4,19,2021-11-06MZ2R_S4_B4,MZ2R
84,8.94E-05,1,0.000116961,0,4,corning-48-3548,C4,20,2021-11-06MZ2R_S4_C4,MZ2R
85,8.94E-05,1,0.0002,0.0001,4,corning-48-3548,D4,21,2021-11-06MZ2R_S4_D4,MZ2R
86,8.94E-05,1,0.0002,0.001,4,corning-48-3548,E4,22,2021-11-06MZ2R_S4_E4,MZ2R
87,8.94E-05,1,0.0002,0,4,corning-48-3548,F4,23,2021-11-06MZ2R_S4_F4,MZ2R
88,0.0002,1,4.00E-05,0.0001,4,corning-48-3548,A5,24,2021-11-06MZ2R_S4_A5,MZ2R
89,0.0002,1,4.00E-05,0.001,4,corning-48-3548,B5,25,2021-11-06MZ2R_S4_B5,MZ2R
90,0.0002,1,4.00E-05,0,4,corning-48-3548,C5,26,2021-11-06MZ2R_S4_C5,MZ2R
91,0.0002,1,6.84E-05,0.0001,4,corning-48-3548,D5,27,2021-11-06MZ2R_S4_D5,MZ2R
92,0.0002,1,6.84E-05,0.001,4,corning-48-3548,E5,28,2021-11-06MZ2R_S4_E5,MZ2R
93,0.0002,1,6.84E-05,0,4,corning-48-3548,F5,29,2021-11-06MZ2R_S4_F5,MZ2R
94,0.0002,1,0.000116961,0.0001,4,corning-48-3548,A6,30,2021-11-06MZ2R_S4_A6,MZ2R
95,0.0002,1,0.000116961,0.001,4,corning-48-3548,B6,31,2021-11-06MZ2R_S4_B6,MZ2R
96,0.0002,1,0.000116961,0,4,corning-48-3548,C6,32,2021-11-06MZ2R_S4_C6,MZ2R
97,0.0002,1,0.0002,0.0001,4,corning-48-3548,D6,33,2021-11-06MZ2R_S4_D6,MZ2R
98,0.0002,1,0.0002,0.001,4,corning-48-3548,E6,34,2021-11-06MZ2R_S4_E6,MZ2R
99,0.0002,1,0.0002,0,4,corning-48-3548,F6,35,2021-11-06MZ2R_S4_F6,MZ2R
100,0,1,4.00E-05,0.0001,4,corning-48-3548,A7,36,2021-11-06MZ2R_S4_A7,MZ2R
101,0,1,4.00E-05,0.001,4,corning-48-3548,B7,37,2021-11-06MZ2R_S4_B7,MZ2R
102,0,1,4.00E-05,0,4,corning-48-3548,C7,38,2021-11-06MZ2R_S4_C7,MZ2R
103,0,1,6.84E-05,0.0001,4,corning-48-3548,D7,39,2021-11-06MZ2R_S4_D7,MZ2R
104,0,1,6.84E-05,0.001,4,corning-48-3548,E7,40,2021-11-06MZ2R_S4_E7,MZ2R
105,0,1,6.84E-05,0,4,corning-48-3548,F7,41,2021-11-06MZ2R_S4_F7,MZ2R
106,0,1,0.000116961,0.0001,4,corning-48-3548,A8,42,2021-11-06MZ2R_S4_A8,MZ2R
107,0,1,0.000116961,0.001,4,corning-48-3548,B8,43,2021-11-06MZ2R_S4_B8,MZ2R
108,0,1,0.000116961,0,4,corning-48-3548,C8,44,2021-11-06MZ2R_S4_C8,MZ2R
109,0,1,0.0002,0.0001,4,corning-48-3548,D8,45,2021-11-06MZ2R_S4_D8,MZ2R
110,0,1,0.0002,0.001,4,corning-48-3548,E8,46,2021-11-06MZ2R_S4_E8,MZ2R
111,0,1,0.0002,0,4,corning-48-3548,F8,47,2021-11-06MZ2R_S4_F8,MZ2R
112,4.00E-05,1,4.00E-05,1.00E-05,5,corning-48-3548,A1,48,2021-11-06MZ2R_S5_A1,MZ2R
113,4.00E-05,1,6.84E-05,1.00E-05,5,corning-48-3548,B1,49,2021-11-06MZ2R_S5_B1,MZ2R
114,4.00E-05,1,0.000116961,1.00E-05,5,corning-48-3548,C1,50,2021-11-06MZ2R_S5_C1,MZ2R
115,4.00E-05,1,0.0002,1.00E-05,5,corning-48-3548,D1,51,2021-11-06MZ2R_S5_D1,MZ2R
116,8.94E-05,1,4.00E-05,1.00E-05,5,corning-48-3548,E1,52,2021-11-06MZ2R_S5_E1,MZ2R
117,8.94E-05,1,6.84E-05,1.00E-05,5,corning-48-3548,F1,53,2021-11-06MZ2R_S5_F1,MZ2R
118,8.94E-05,1,0.000116961,1.00E-05,5,corning-48-3548,A2,54,2021-11-06MZ2R_S5_A2,MZ2R
119,8.94E-05,1,0.0002,1.00E-05,5,corning-48-3548,B2,55,2021-11-06MZ2R_S5_B2,MZ2R
120,0.0002,1,4.00E-05,1.00E-05,5,corning-48-3548,C2,56,2021-11-06MZ2R_S5_C2,MZ2R
121,0.0002,1,6.84E-05,1.00E-05,5,corning-48-3548,D2,57,2021-11-06MZ2R_S5_D2,MZ2R
122,0.0002,1,0.000116961,1.00E-05,5,corning-48-3548,E2,58,2021-11-06MZ2R_S5_E2,MZ2R
123,0.0002,1,0.0002,1.00E-05,5,corning-48-3548,F2,59,2021-11-06MZ2R_S5_F2,MZ2R
124,0,1,4.00E-05,1.00E-05,5,corning-48-3548,A3,60,2021-11-06MZ2R_S5_A3,MZ2R
125,0,1,6.84E-05,1.00E-05,5,corning-48-3548,B3,61,2021-11-06MZ2R_S5_B3,MZ2R
126,0,1,0.000116961,1.00E-05,5,corning-48-3548,C3,62,2021-11-06MZ2R_S5_C3,MZ2R
127,0,1,0.0002,1.00E-05,5,corning-48-3548,D3,63,2021-11-06MZ2R_S5_D3,MZ2R
128,4.00E-05,1,4.00E-05,0.0001,4,corning-48-3548,A1,0,2021-07-13Z2_S4_A1,Z2
129,4.00E-05,1,4.00E-05,0.001,4,corning-48-3548,B1,1,2021-07-13Z2_S4_B1,Z2
130,4.00E-05,1,4.00E-05,0,4,corning-48-3548,C1,2,2021-07-13Z2_S4_C1,Z2
131,4.00E-05,1,6.84E-05,0.0001,4,corning-48-3548,D1,3,2021-07-13Z2_S4_D1,Z2
132,4.00E-05,1,6.84E-05,0.001,4,corning-48-3548,E1,4,2021-07-13Z2_S4_E1,Z2
133,4.00E-05,1,6.84E-05,0,4,corning-48-3548,F1,5,2021-07-13Z2_S4_F1,Z2
134,4.00E-05,1,0.000116961,0.0001,4,corning-48-3548,A2,6,2021-07-13Z2_S4_A2,Z2
135,4.00E-05,1,0.000116961,0.001,4,corning-48-3548,B2,7,2021-07-13Z2_S4_B2,Z2
136,4.00E-05,1,0.000116961,0,4,corning-48-3548,C2,8,2021-07-13Z2_S4_C2,Z2
137,4.00E-05,1,0.0002,0.0001,4,corning-48-3548,D2,9,2021-07-13Z2_S4_D2,Z2
138,4.00E-05,1,0.0002,0.001,4,corning-48-3548,E2,10,2021-07-13Z2_S4_E2,Z2
139,4.00E-05,1,0.0002,0,4,corning-48-3548,F2,11,2021-07-13Z2_S4_F2,Z2
140,8.94E-05,1,4.00E-05,0.0001,4,corning-48-3548,A3,12,2021-07-13Z2_S4_A3,Z2
141,8.94E-05,1,4.00E-05,0.001,4,corning-48-3548,B3,13,2021-07-13Z2_S4_B3,Z2
142,8.94E-05,1,4.00E-05,0,4,corning-48-3548,C3,14,2021-07-13Z2_S4_C3,Z2
143,8.94E-05,1,6.84E-05,0.0001,4,corning-48-3548,D3,15,2021-07-13Z2_S4_D3,Z2
144,8.94E-05,1,6.84E-05,0.001,4,corning-48-3548,E3,16,2021-07-13Z2_S4_E3,Z2
145,8.94E-05,1,6.84E-05,0,4,corning-48-3548,F3,17,2021-07-13Z2_S4_F3,Z2
146,8.94E-05,1,0.000116961,0.0001,4,corning-48-3548,A4,18,2021-07-13Z2_S4_A4,Z2
147,8.94E-05,1,0.000116961,0.001,4,corning-48-3548,B4,19,2021-07-13Z2_S4_B4,Z2
148,8.94E-05,1,0.000116961,0,4,corning-48-3548,C4,20,2021-07-13Z2_S4_C4,Z2
149,8.94E-05,1,0.0002,0.0001,4,corning-48-3548,D4,21,2021-07-13Z2_S4_D4,Z2
150,8.94E-05,1,0.0002,0.001,4,corning-48-3548,E4,22,2021-07-13Z2_S4_E4,Z2
151,8.94E-05,1,0.0002,0,4,corning-48-3548,F4,23,2021-07-13Z2_S4_F4,Z2
152,0.0002,1,4.00E-05,0.0001,4,corning-48-3548,A5,24,2021-07-13Z2_S4_A5,Z2
153,0.0002,1,4.00E-05,0.001,4,corning-48-3548,B5,25,2021-07-13Z2_S4_B5,Z2
154,0.0002,1,4.00E-05,0,4,corning-48-3548,C5,26,2021-07-13Z2_S4_C5,Z2
155,0.0002,1,6.84E-05,0.0001,4,corning-48-3548,D5,27,2021-07-13Z2_S4_D5,Z2
156,0.0002,1,6.84E-05,0.001,4,corning-48-3548,E5,28,2021-07-13Z2_S4_E5,Z2
157,0.0002,1,6.84E-05,0,4,corning-48-3548,F5,29,2021-07-13Z2_S4_F5,Z2
158,0.0002,1,0.000116961,0.0001,4,corning-48-3548,A6,30,2021-07-13Z2_S4_A6,Z2
159,0.0002,1,0.000116961,0.001,4,corning-48-3548,B6,31,2021-07-13Z2_S4_B6,Z2
160,0.0002,1,0.000116961,0,4,corning-48-3548,C6,32,2021-07-13Z2_S4_C6,Z2
161,0.0002,1,0.0002,0.0001,4,corning-48-3548,D6,33,2021-07-13Z2_S4_D6,Z2
162,0.0002,1,0.0002,0.001,4,corning-48-3548,E6,34,2021-07-13Z2_S4_E6,Z2
163,0.0002,1,0.0002,0,4,corning-48-3548,F6,35,2021-07-13Z2_S4_F6,Z2
164,0,1,4.00E-05,0.0001,4,corning-48-3548,A7,36,2021-07-13Z2_S4_A7,Z2
165,0,1,4.00E-05,0.001,4,corning-48-3548,B7,37,2021-07-13Z2_S4_B7,Z2
166,0,1,4.00E-05,0,4,corning-48-3548,C7,38,2021-07-13Z2_S4_C7,Z2
167,0,1,6.84E-05,0.0001,4,corning-48-3548,D7,39,2021-07-13Z2_S4_D7,Z2
168,0,1,6.84E-05,0.001,4,corning-48-3548,E7,40,2021-07-13Z2_S4_E7,Z2
169,0,1,6.84E-05,0,4,corning-48-3548,F7,41,2021-07-13Z2_S4_F7,Z2
170,0,1,0.000116961,0.0001,4,corning-48-3548,A8,42,2021-07-13Z2_S4_A8,Z2
171,0,1,0.000116961,0.001,4,corning-48-3548,B8,43,2021-07-13Z2_S4_B8,Z2
172,0,1,0.000116961,0,4,corning-48-3548,C8,44,2021-07-13Z2_S4_C8,Z2
173,0,1,0.0002,0.0001,4,corning-48-3548,D8,45,2021-07-13Z2_S4_D8,Z2
174,0,1,0.0002,0.001,4,corning-48-3548,E8,46,2021-07-13Z2_S4_E8,Z2
175,0,1,0.0002,0,4,corning-48-3548,F8,47,2021-07-13Z2_S4_F8,Z2
176,4.00E-05,1,4.00E-05,1.00E-05,5,corning-48-3548,A1,48,2021-07-13Z2_S5_A1,Z2
177,4.00E-05,1,6.84E-05,1.00E-05,5,corning-48-3548,B1,49,2021-07-13Z2_S5_B1,Z2
178,4.00E-05,1,0.000116961,1.00E-05,5,corning-48-3548,C1,50,2021-07-13Z2_S5_C1,Z2
179,4.00E-05,1,0.0002,1.00E-05,5,corning-48-3548,D1,51,2021-07-13Z2_S5_D1,Z2
180,8.94E-05,1,4.00E-05,1.00E-05,5,corning-48-3548,E1,52,2021-07-13Z2_S5_E1,Z2
181,8.94E-05,1,6.84E-05,1.00E-05,5,corning-48-3548,F1,53,2021-07-13Z2_S5_F1,Z2
182,8.94E-05,1,0.000116961,1.00E-05,5,corning-48-3548,A2,54,2021-07-13Z2_S5_A2,Z2
183,8.94E-05,1,0.0002,1.00E-05,5,corning-48-3548,B2,55,2021-07-13Z2_S5_B2,Z2
184,0.0002,1,4.00E-05,1.00E-05,5,corning-48-3548,C2,56,2021-07-13Z2_S5_C2,Z2
185,0.0002,1,6.84E-05,1.00E-05,5,corning-48-3548,D2,57,2021-07-13Z2_S5_D2,Z2
186,0.0002,1,0.000116961,1.00E-05,5,corning-48-3548,E2,58,2021-07-13Z2_S5_E2,Z2
187,0.0002,1,0.0002,1.00E-05,5,corning-48-3548,F2,59,2021-07-13Z2_S5_F2,Z2
188,0,1,4.00E-05,1.00E-05,5,corning-48-3548,A3,60,2021-07-13Z2_S5_A3,Z2
189,0,1,6.84E-05,1.00E-05,5,corning-48-3548,B3,61,2021-07-13Z2_S5_B3,Z2
190,0,1,0.000116961,1.00E-05,5,corning-48-3548,C3,62,2021-07-13Z2_S5_C3,Z2
191,0,1,0.0002,1.00E-05,5,corning-48-3548,D3,63,2021-07-13Z2_S5_D3,Z2
192,4.00E-05,1,4.00E-05,0.0001,4,corning-48-3548,A1,0,2021-07-21PZ2_S4_A1,PZ2
193,4.00E-05,1,4.00E-05,0.001,4,corning-48-3548,B1,1,2021-07-21PZ2_S4_B1,PZ2
194,4.00E-05,1,4.00E-05,0,4,corning-48-3548,C1,2,2021-07-21PZ2_S4_C1,PZ2
195,4.00E-05,1,6.84E-05,0.0001,4,corning-48-3548,D1,3,2021-07-21PZ2_S4_D1,PZ2
196,4.00E-05,1,6.84E-05,0.001,4,corning-48-3548,E1,4,2021-07-21PZ2_S4_E1,PZ2
197,4.00E-05,1,6.84E-05,0,4,corning-48-3548,F1,5,2021-07-21PZ2_S4_F1,PZ2
198,4.00E-05,1,0.000116961,0.0001,4,corning-48-3548,A2,6,2021-07-21PZ2_S4_A2,PZ2
199,4.00E-05,1,0.000116961,0.001,4,corning-48-3548,B2,7,2021-07-21PZ2_S4_B2,PZ2
200,4.00E-05,1,0.000116961,0,4,corning-48-3548,C2,8,2021-07-21PZ2_S4_C2,PZ2
201,4.00E-05,1,0.0002,0.0001,4,corning-48-3548,D2,9,2021-07-21PZ2_S4_D2,PZ2
202,4.00E-05,1,0.0002,0.001,4,corning-48-3548,E2,10,2021-07-21PZ2_S4_E2,PZ2
203,4.00E-05,1,0.0002,0,4,corning-48-3548,F2,11,2021-07-21PZ2_S4_F2,PZ2
204,8.94E-05,1,4.00E-05,0.0001,4,corning-48-3548,A3,12,2021-07-21PZ2_S4_A3,PZ2
205,8.94E-05,1,4.00E-05,0.001,4,corning-48-3548,B3,13,2021-07-21PZ2_S4_B3,PZ2
206,8.94E-05,1,4.00E-05,0,4,corning-48-3548,C3,14,2021-07-21PZ2_S4_C3,PZ2
207,8.94E-05,1,6.84E-05,0.0001,4,corning-48-3548,D3,15,2021-07-21PZ2_S4_D3,PZ2
208,8.94E-05,1,6.84E-05,0.001,4,corning-48-3548,E3,16,2021-07-21PZ2_S4_E3,PZ2
209,8.94E-05,1,6.84E-05,0,4,corning-48-3548,F3,17,2021-07-21PZ2_S4_F3,PZ2
210,8.94E-05,1,0.000116961,0.0001,4,corning-48-3548,A4,18,2021-07-21PZ2_S4_A4,PZ2
211,8.94E-05,1,0.000116961,0.001,4,corning-48-3548,B4,19,2021-07-21PZ2_S4_B4,PZ2
212,8.94E-05,1,0.000116961,0,4,corning-48-3548,C4,20,2021-07-21PZ2_S4_C4,PZ2
213,8.94E-05,1,0.0002,0.0001,4,corning-48-3548,D4,21,2021-07-21PZ2_S4_D4,PZ2
214,8.94E-05,1,0.0002,0.001,4,corning-48-3548,E4,22,2021-07-21PZ2_S4_E4,PZ2
215,8.94E-05,1,0.0002,0,4,corning-48-3548,F4,23,2021-07-21PZ2_S4_F4,PZ2
216,0.0002,1,4.00E-05,0.0001,4,corning-48-3548,A5,24,2021-07-21PZ2_S4_A5,PZ2
217,0.0002,1,4.00E-05,0.001,4,corning-48-3548,B5,25,2021-07-21PZ2_S4_B5,PZ2
218,0.0002,1,4.00E-05,0,4,corning-48-3548,C5,26,2021-07-21PZ2_S4_C5,PZ2
219,0.0002,1,6.84E-05,0.0001,4,corning-48-3548,D5,27,2021-07-21PZ2_S4_D5,PZ2
220,0.0002,1,6.84E-05,0.001,4,corning-48-3548,E5,28,2021-07-21PZ2_S4_E5,PZ2
221,0.0002,1,6.84E-05,0,4,corning-48-3548,F5,29,2021-07-21PZ2_S4_F5,PZ2
222,0.0002,1,0.000116961,0.0001,4,corning-48-3548,A6,30,2021-07-21PZ2_S4_A6,PZ2
223,0.0002,1,0.000116961,0.001,4,corning-48-3548,B6,31,2021-07-21PZ2_S4_B6,PZ2
224,0.0002,1,0.000116961,0,4,corning-48-3548,C6,32,2021-07-21PZ2_S4_C6,PZ2
225,0.0002,1,0.0002,0.0001,4,corning-48-3548,D6,33,2021-07-21PZ2_S4_D6,PZ2
226,0.0002,1,0.0002,0.001,4,corning-48-3548,E6,34,2021-07-21PZ2_S4_E6,PZ2
227,0.0002,1,0.0002,0,4,corning-48-3548,F6,35,2021-07-21PZ2_S4_F6,PZ2
228,0,1,4.00E-05,0.0001,4,corning-48-3548,A7,36,2021-07-21PZ2_S4_A7,PZ2
229,0,1,4.00E-05,0.001,4,corning-48-3548,B7,37,2021-07-21PZ2_S4_B7,PZ2
230,0,1,4.00E-05,0,4,corning-48-3548,C7,38,2021-07-21PZ2_S4_C7,PZ2
231,0,1,6.84E-05,0.0001,4,corning-48-3548,D7,39,2021-07-21PZ2_S4_D7,PZ2
232,0,1,6.84E-05,0.001,4,corning-48-3548,E7,40,2021-07-21PZ2_S4_E7,PZ2
233,0,1,6.84E-05,0,4,corning-48-3548,F7,41,2021-07-21PZ2_S4_F7,PZ2
234,0,1,0.000116961,0.0001,4,corning-48-3548,A8,42,2021-07-21PZ2_S4_A8,PZ2
235,0,1,0.000116961,0.001,4,corning-48-3548,B8,43,2021-07-21PZ2_S4_B8,PZ2
236,0,1,0.000116961,0,4,corning-48-3548,C8,44,2021-07-21PZ2_S4_C8,PZ2
237,0,1,0.0002,0.0001,4,corning-48-3548,D8,45,2021-07-21PZ2_S4_D8,PZ2
238,0,1,0.0002,0.001,4,corning-48-3548,E8,46,2021-07-21PZ2_S4_E8,PZ2
239,0,1,0.0002,0,4,corning-48-3548,F8,47,2021-07-21PZ2_S4_F8,PZ2
240,4.00E-05,1,4.00E-05,1.00E-05,5,corning-48-3548,A1,48,2021-07-21PZ2_S5_A1,PZ2
241,4.00E-05,1,6.84E-05,1.00E-05,5,corning-48-3548,B1,49,2021-07-21PZ2_S5_B1,PZ2
242,4.00E-05,1,0.000116961,1.00E-05,5,corning-48-3548,C1,50,2021-07-21PZ2_S5_C1,PZ2
243,4.00E-05,1,0.0002,1.00E-05,5,corning-48-3548,D1,51,2021-07-21PZ2_S5_D1,PZ2
244,8.94E-05,1,4.00E-05,1.00E-05,5,corning-48-3548,E1,52,2021-07-21PZ2_S5_E1,PZ2
245,8.94E-05,1,6.84E-05,1.00E-05,5,corning-48-3548,F1,53,2021-07-21PZ2_S5_F1,PZ2
246,8.94E-05,1,0.000116961,1.00E-05,5,corning-48-3548,A2,54,2021-07-21PZ2_S5_A2,PZ2
247,8.94E-05,1,0.0002,1.00E-05,5,corning-48-3548,B2,55,2021-07-21PZ2_S5_B2,PZ2
248,0.0002,1,4.00E-05,1.00E-05,5,corning-48-3548,C2,56,2021-07-21PZ2_S5_C2,PZ2
249,0.0002,1,6.84E-05,1.00E-05,5,corning-48-3548,D2,57,2021-07-21PZ2_S5_D2,PZ2
250,0.0002,1,0.000116961,1.00E-05,5,corning-48-3548,E2,58,2021-07-21PZ2_S5_E2,PZ2
251,0.0002,1,0.0002,1.00E-05,5,corning-48-3548,F2,59,2021-07-21PZ2_S5_F2,PZ2
252,0,1,4.00E-05,1.00E-05,5,corning-48-3548,A3,60,2021-07-21PZ2_S5_A3,PZ2
253,0,1,6.84E-05,1.00E-05,5,corning-48-3548,B3,61,2021-07-21PZ2_S5_B3,PZ2
254,0,1,0.000116961,1.00E-05,5,corning-48-3548,C3,62,2021-07-21PZ2_S5_C3,PZ2
255,0,1,0.0002,1.00E-05,5,corning-48-3548,D3,63,2021-07-21PZ2_S5_D3,PZ2
256,4.00E-05,1,4.00E-05,0,4,corning-48-3548,A1,0,2021-12-29Z2M6I_S4_A1,Z2M6I
257,8.94E-05,1,6.84E-05,0.0001,4,corning-48-3548,B1,1,2021-12-29Z2M6I_S4_B1,Z2M6I
258,0.0002,1,6.84E-05,0,4,corning-48-3548,C1,2,2021-12-29Z2M6I_S4_C1,Z2M6I
259,0,1,4.00E-05,0.0001,4,corning-48-3548,D1,3,2021-12-29Z2M6I_S4_D1,Z2M6I
260,4.00E-05,1,0.0002,0,4,corning-48-3548,E1,4,2021-12-29Z2M6I_S4_E1,Z2M6I
261,0,1,6.84E-05,0,4,corning-48-3548,F1,5,2021-12-29Z2M6I_S4_F1,Z2M6I
262,4.00E-05,1,0.000116961,0.0001,4,corning-48-3548,A2,6,2021-12-29Z2M6I_S4_A2,Z2M6I
263,8.94E-05,1,4.00E-05,0.001,4,corning-48-3548,B2,7,2021-12-29Z2M6I_S4_B2,Z2M6I
264,8.94E-05,1,0.0002,0.001,4,corning-48-3548,C2,8,2021-12-29Z2M6I_S4_C2,Z2M6I
265,4.00E-05,1,6.84E-05,0.001,4,corning-48-3548,D2,9,2021-12-29Z2M6I_S4_D2,Z2M6I
266,8.94E-05,1,6.84E-05,0.001,4,corning-48-3548,E2,10,2021-12-29Z2M6I_S4_E2,Z2M6I
267,0.0002,1,4.00E-05,0,4,corning-48-3548,F2,11,2021-12-29Z2M6I_S4_F2,Z2M6I
268,4.00E-05,1,0.0002,0.001,4,corning-48-3548,A3,12,2021-12-29Z2M6I_S4_A3,Z2M6I
269,0,1,0.000116961,0,4,corning-48-3548,B3,13,2021-12-29Z2M6I_S4_B3,Z2M6I
270,4.00E-05,1,0.000116961,0,4,corning-48-3548,C3,14,2021-12-29Z2M6I_S4_C3,Z2M6I
271,8.94E-05,1,0.0002,0,4,corning-48-3548,D3,15,2021-12-29Z2M6I_S4_D3,Z2M6I
272,0.0002,1,0.0002,0.0001,4,corning-48-3548,E3,16,2021-12-29Z2M6I_S4_E3,Z2M6I
273,0.0002,1,4.00E-05,0.0001,4,corning-48-3548,F3,17,2021-12-29Z2M6I_S4_F3,Z2M6I
274,0,1,0.0002,0,4,corning-48-3548,A4,18,2021-12-29Z2M6I_S4_A4,Z2M6I
275,8.94E-05,1,0.000116961,0.001,4,corning-48-3548,B4,19,2021-12-29Z2M6I_S4_B4,Z2M6I
276,0,1,0.0002,0.0001,4,corning-48-3548,C4,20,2021-12-29Z2M6I_S4_C4,Z2M6I
277,0,1,4.00E-05,0.001,4,corning-48-3548,D4,21,2021-12-29Z2M6I_S4_D4,Z2M6I
278,0,1,0.000116961,0.0001,4,corning-48-3548,E4,22,2021-12-29Z2M6I_S4_E4,Z2M6I
279,8.94E-05,1,0.0002,0.0001,4,corning-48-3548,F4,23,2021-12-29Z2M6I_S4_F4,Z2M6I
280,0.0002,1,0.0002,0.001,4,corning-48-3548,A5,24,2021-12-29Z2M6I_S4_A5,Z2M6I
281,4.00E-05,1,4.00E-05,0.0001,4,corning-48-3548,B5,25,2021-12-29Z2M6I_S4_B5,Z2M6I
282,8.94E-05,1,4.00E-05,0.0001,4,corning-48-3548,C5,26,2021-12-29Z2M6I_S4_C5,Z2M6I
283,0.0002,1,0.000116961,0.0001,4,corning-48-3548,D5,27,2021-12-29Z2M6I_S4_D5,Z2M6I
284,0.0002,1,4.00E-05,0.001,4,corning-48-3548,E5,28,2021-12-29Z2M6I_S4_E5,Z2M6I
285,8.94E-05,1,0.000116961,0.0001,4,corning-48-3548,F5,29,2021-12-29Z2M6I_S4_F5,Z2M6I
286,8.94E-05,1,0.000116961,0,4,corning-48-3548,A6,30,2021-12-29Z2M6I_S4_A6,Z2M6I
287,0,1,0.000116961,0.001,4,corning-48-3548,B6,31,2021-12-29Z2M6I_S4_B6,Z2M6I
288,0.0002,1,0.000116961,0,4,corning-48-3548,C6,32,2021-12-29Z2M6I_S4_C6,Z2M6I
289,0.0002,1,6.84E-05,0.0001,4,corning-48-3548,D6,33,2021-12-29Z2M6I_S4_D6,Z2M6I
290,4.00E-05,1,4.00E-05,0.001,4,corning-48-3548,E6,34,2021-12-29Z2M6I_S4_E6,Z2M6I
291,4.00E-05,1,0.0002,0.0001,4,corning-48-3548,F6,35,2021-12-29Z2M6I_S4_F6,Z2M6I
292,0.0002,1,6.84E-05,0.001,4,corning-48-3548,A7,36,2021-12-29Z2M6I_S4_A7,Z2M6I
293,8.94E-05,1,4.00E-05,0,4,corning-48-3548,B7,37,2021-12-29Z2M6I_S4_B7,Z2M6I
294,0,1,6.84E-05,0.001,4,corning-48-3548,C7,38,2021-12-29Z2M6I_S4_C7,Z2M6I
295,0.0002,1,0.000116961,0.001,4,corning-48-3548,D7,39,2021-12-29Z2M6I_S4_D7,Z2M6I
296,0,1,4.00E-05,0,4,corning-48-3548,E7,40,2021-12-29Z2M6I_S4_E7,Z2M6I
297,0.0002,1,0.0002,0,4,corning-48-3548,F7,41,2021-12-29Z2M6I_S4_F7,Z2M6I
298,4.00E-05,1,0.000116961,0.001,4,corning-48-3548,A8,42,2021-12-29Z2M6I_S4_A8,Z2M6I
299,0,1,6.84E-05,0.0001,4,corning-48-3548,B8,43,2021-12-29Z2M6I_S4_B8,Z2M6I
300,8.94E-05,1,6.84E-05,0,4,corning-48-3548,C8,44,2021-12-29Z2M6I_S4_C8,Z2M6I
301,0,1,0.0002,0.001,4,corning-48-3548,D8,45,2021-12-29Z2M6I_S4_D8,Z2M6I
302,4.00E-05,1,6.84E-05,0.0001,4,corning-48-3548,E8,46,2021-12-29Z2M6I_S4_E8,Z2M6I
303,4.00E-05,1,6.84E-05,0,4,corning-48-3548,F8,47,2021-12-29Z2M6I_S4_F8,Z2M6I
304,4.00E-05,1,0.000116961,1.00E-05,5,corning-48-3548,A1,48,2021-12-29Z2M6I_S5_A1,Z2M6I
305,0.0002,1,0.0002,1.00E-05,5,corning-48-3548,B1,49,2021-12-29Z2M6I_S5_B1,Z2M6I
306,4.00E-05,1,6.84E-05,1.00E-05,5,corning-48-3548,C1,50,2021-12-29Z2M6I_S5_C1,Z2M6I
307,8.94E-05,1,0.000116961,1.00E-05,5,corning-48-3548,D1,51,2021-12-29Z2M6I_S5_D1,Z2M6I
308,4.00E-05,1,4.00E-05,1.00E-05,5,corning-48-3548,E1,52,2021-12-29Z2M6I_S5_E1,Z2M6I
309,0.0002,1,6.84E-05,1.00E-05,5,corning-48-3548,F1,53,2021-12-29Z2M6I_S5_F1,Z2M6I
310,0,1,6.84E-05,1.00E-05,5,corning-48-3548,A2,54,2021-12-29Z2M6I_S5_A2,Z2M6I
311,4.00E-05,1,0.0002,1.00E-05,5,corning-48-3548,B2,55,2021-12-29Z2M6I_S5_B2,Z2M6I
312,8.94E-05,1,6.84E-05,1.00E-05,5,corning-48-3548,C2,56,2021-12-29Z2M6I_S5_C2,Z2M6I
313,0,1,4.00E-05,1.00E-05,5,corning-48-3548,D2,57,2021-12-29Z2M6I_S5_D2,Z2M6I
314,8.94E-05,1,0.0002,1.00E-05,5,corning-48-3548,E2,58,2021-12-29Z2M6I_S5_E2,Z2M6I
315,0,1,0.0002,1.00E-05,5,corning-48-3548,F2,59,2021-12-29Z2M6I_S5_F2,Z2M6I
316,0.0002,1,4.00E-05,1.00E-05,5,corning-48-3548,A3,60,2021-12-29Z2M6I_S5_A3,Z2M6I
317,0.0002,1,0.000116961,1.00E-05,5,corning-48-3548,B3,61,2021-12-29Z2M6I_S5_B3,Z2M6I
318,0,1,0.000116961,1.00E-05,5,corning-48-3548,C3,62,2021-12-29Z2M6I_S5_C3,Z2M6I
319,8.94E-05,1,4.00E-05,1.00E-05,5,corning-48-3548,D3,63,2021-12-29Z2M6I_S5_D3,Z2M6I
320,4.00E-05,1,4.00E-05,0.0001,4,corning-48-3548,A1,0,2021-07-22Z2M246I_S4_A1,Z2M246I
321,4.00E-05,1,4.00E-05,0.001,4,corning-48-3548,B1,1,2021-07-22Z2M246I_S4_B1,Z2M246I
322,4.00E-05,1,4.00E-05,0,4,corning-48-3548,C1,2,2021-07-22Z2M246I_S4_C1,Z2M246I
323,4.00E-05,1,6.84E-05,0.0001,4,corning-48-3548,D1,3,2021-07-22Z2M246I_S4_D1,Z2M246I
324,4.00E-05,1,6.84E-05,0.001,4,corning-48-3548,E1,4,2021-07-22Z2M246I_S4_E1,Z2M246I
325,4.00E-05,1,6.84E-05,0,4,corning-48-3548,F1,5,2021-07-22Z2M246I_S4_F1,Z2M246I
326,4.00E-05,1,0.000116961,0.0001,4,corning-48-3548,A2,6,2021-07-22Z2M246I_S4_A2,Z2M246I
327,4.00E-05,1,0.000116961,0.001,4,corning-48-3548,B2,7,2021-07-22Z2M246I_S4_B2,Z2M246I
328,4.00E-05,1,0.000116961,0,4,corning-48-3548,C2,8,2021-07-22Z2M246I_S4_C2,Z2M246I
329,4.00E-05,1,0.0002,0.0001,4,corning-48-3548,D2,9,2021-07-22Z2M246I_S4_D2,Z2M246I
330,4.00E-05,1,0.0002,0.001,4,corning-48-3548,E2,10,2021-07-22Z2M246I_S4_E2,Z2M246I
331,4.00E-05,1,0.0002,0,4,corning-48-3548,F2,11,2021-07-22Z2M246I_S4_F2,Z2M246I
332,8.94E-05,1,4.00E-05,0.0001,4,corning-48-3548,A3,12,2021-07-22Z2M246I_S4_A3,Z2M246I
333,8.94E-05,1,4.00E-05,0.001,4,corning-48-3548,B3,13,2021-07-22Z2M246I_S4_B3,Z2M246I
334,8.94E-05,1,4.00E-05,0,4,corning-48-3548,C3,14,2021-07-22Z2M246I_S4_C3,Z2M246I
335,8.94E-05,1,6.84E-05,0.0001,4,corning-48-3548,D3,15,2021-07-22Z2M246I_S4_D3,Z2M246I
336,8.94E-05,1,6.84E-05,0.001,4,corning-48-3548,E3,16,2021-07-22Z2M246I_S4_E3,Z2M246I
337,8.94E-05,1,6.84E-05,0,4,corning-48-3548,F3,17,2021-07-22Z2M246I_S4_F3,Z2M246I
338,8.94E-05,1,0.000116961,0.0001,4,corning-48-3548,A4,18,2021-07-22Z2M246I_S4_A4,Z2M246I
339,8.94E-05,1,0.000116961,0.001,4,corning-48-3548,B4,19,2021-07-22Z2M246I_S4_B4,Z2M246I
340,8.94E-05,1,0.000116961,0,4,corning-48-3548,C4,20,2021-07-22Z2M246I_S4_C4,Z2M246I
341,8.94E-05,1,0.0002,0.0001,4,corning-48-3548,D4,21,2021-07-22Z2M246I_S4_D4,Z2M246I
342,8.94E-05,1,0.0002,0.001,4,corning-48-3548,E4,22,2021-07-22Z2M246I_S4_E4,Z2M246I
343,8.94E-05,1,0.0002,0,4,corning-48-3548,F4,23,2021-07-22Z2M246I_S4_F4,Z2M246I
344,0.0002,1,4.00E-05,0.0001,4,corning-48-3548,A5,24,2021-07-22Z2M246I_S4_A5,Z2M246I
345,0.0002,1,4.00E-05,0.001,4,corning-48-3548,B5,25,2021-07-22Z2M246I_S4_B5,Z2M246I
346,0.0002,1,4.00E-05,0,4,corning-48-3548,C5,26,2021-07-22Z2M246I_S4_C5,Z2M246I
347,0.0002,1,6.84E-05,0.0001,4,corning-48-3548,D5,27,2021-07-22Z2M246I_S4_D5,Z2M246I
348,0.0002,1,6.84E-05,0.001,4,corning-48-3548,E5,28,2021-07-22Z2M246I_S4_E5,Z2M246I
349,0.0002,1,6.84E-05,0,4,corning-48-3548,F5,29,2021-07-22Z2M246I_S4_F5,Z2M246I
350,0.0002,1,0.000116961,0.0001,4,corning-48-3548,A6,30,2021-07-22Z2M246I_S4_A6,Z2M246I
351,0.0002,1,0.000116961,0.001,4,corning-48-3548,B6,31,2021-07-22Z2M246I_S4_B6,Z2M246I
352,0.0002,1,0.000116961,0,4,corning-48-3548,C6,32,2021-07-22Z2M246I_S4_C6,Z2M246I
353,0.0002,1,0.0002,0.0001,4,corning-48-3548,D6,33,2021-07-22Z2M246I_S4_D6,Z2M246I
354,0.0002,1,0.0002,0.001,4,corning-48-3548,E6,34,2021-07-22Z2M246I_S4_E6,Z2M246I
355,0.0002,1,0.0002,0,4,corning-48-3548,F6,35,2021-07-22Z2M246I_S4_F6,Z2M246I
356,0,1,4.00E-05,0.0001,4,corning-48-3548,A7,36,2021-07-22Z2M246I_S4_A7,Z2M246I
357,0,1,4.00E-05,0.001,4,corning-48-3548,B7,37,2021-07-22Z2M246I_S4_B7,Z2M246I
358,0,1,4.00E-05,0,4,corning-48-3548,C7,38,2021-07-22Z2M246I_S4_C7,Z2M246I
359,0,1,6.84E-05,0.0001,4,corning-48-3548,D7,39,2021-07-22Z2M246I_S4_D7,Z2M246I
360,0,1,6.84E-05,0.001,4,corning-48-3548,E7,40,2021-07-22Z2M246I_S4_E7,Z2M246I
361,0,1,6.84E-05,0,4,corning-48-3548,F7,41,2021-07-22Z2M246I_S4_F7,Z2M246I
362,0,1,0.000116961,0.0001,4,corning-48-3548,A8,42,2021-07-22Z2M246I_S4_A8,Z2M246I
363,0,1,0.000116961,0.001,4,corning-48-3548,B8,43,2021-07-22Z2M246I_S4_B8,Z2M246I
364,0,1,0.000116961,0,4,corning-48-3548,C8,44,2021-07-22Z2M246I_S4_C8,Z2M246I
365,0,1,0.0002,0.0001,4,corning-48-3548,D8,45,2021-07-22Z2M246I_S4_D8,Z2M246I
366,0,1,0.0002,0.001,4,corning-48-3548,E8,46,2021-07-22Z2M246I_S4_E8,Z2M246I
367,0,1,0.0002,0,4,corning-48-3548,F8,47,2021-07-22Z2M246I_S4_F8,Z2M246I
368,4.00E-05,1,4.00E-05,1.00E-05,5,corning-48-3548,A1,48,2021-07-22Z2M246I_S5_A1,Z2M246I
369,4.00E-05,1,6.84E-05,1.00E-05,5,corning-48-3548,B1,49,2021-07-22Z2M246I_S5_B1,Z2M246I
370,4.00E-05,1,0.000116961,1.00E-05,5,corning-48-3548,C1,50,2021-07-22Z2M246I_S5_C1,Z2M246I
371,4.00E-05,1,0.0002,1.00E-05,5,corning-48-3548,D1,51,2021-07-22Z2M246I_S5_D1,Z2M246I
372,8.94E-05,1,4.00E-05,1.00E-05,5,corning-48-3548,E1,52,2021-07-22Z2M246I_S5_E1,Z2M246I
373,8.94E-05,1,6.84E-05,1.00E-05,5,corning-48-3548,F1,53,2021-07-22Z2M246I_S5_F1,Z2M246I
374,8.94E-05,1,0.000116961,1.00E-05,5,corning-48-3548,A2,54,2021-07-22Z2M246I_S5_A2,Z2M246I
375,8.94E-05,1,0.0002,1.00E-05,5,corning-48-3548,B2,55,2021-07-22Z2M246I_S5_B2,Z2M246I
376,0.0002,1,4.00E-05,1.00E-05,5,corning-48-3548,C2,56,2021-07-22Z2M246I_S5_C2,Z2M246I
377,0.0002,1,6.84E-05,1.00E-05,5,corning-48-3548,D2,57,2021-07-22Z2M246I_S5_D2,Z2M246I
378,0.0002,1,0.000116961,1.00E-05,5,corning-48-3548,E2,58,2021-07-22Z2M246I_S5_E2,Z2M246I
379,0.0002,1,0.0002,1.00E-05,5,corning-48-3548,F2,59,2021-07-22Z2M246I_S5_F2,Z2M246I
380,0,1,4.00E-05,1.00E-05,5,corning-48-3548,A3,60,2021-07-22Z2M246I_S5_A3,Z2M246I
381,0,1,6.84E-05,1.00E-05,5,corning-48-3548,B3,61,2021-07-22Z2M246I_S5_B3,Z2M246I
382,0,1,0.000116961,1.00E-05,5,corning-48-3548,C3,62,2021-07-22Z2M246I_S5_C3,Z2M246I
383,0,1,0.0002,1.00E-05,5,corning-48-3548,D3,63,2021-07-22Z2M246I_S5_D3,Z2M246I
384,4.00E-05,1,4.00E-05,0,4,corning-48-3548,A1,0,2021-12-29AG3_S4_A1,AG3
385,8.94E-05,1,6.84E-05,0.0001,4,corning-48-3548,B1,1,2021-12-29AG3_S4_B1,AG3
386,0.0002,1,6.84E-05,0,4,corning-48-3548,C1,2,2021-12-29AG3_S4_C1,AG3
387,0,1,4.00E-05,0.0001,4,corning-48-3548,D1,3,2021-12-29AG3_S4_D1,AG3
388,4.00E-05,1,0.0002,0,4,corning-48-3548,E1,4,2021-12-29AG3_S4_E1,AG3
389,0,1,6.84E-05,0,4,corning-48-3548,F1,5,2021-12-29AG3_S4_F1,AG3
390,4.00E-05,1,0.000116961,0.0001,4,corning-48-3548,A2,6,2021-12-29AG3_S4_A2,AG3
391,8.94E-05,1,4.00E-05,0.001,4,corning-48-3548,B2,7,2021-12-29AG3_S4_B2,AG3
392,8.94E-05,1,0.0002,0.001,4,corning-48-3548,C2,8,2021-12-29AG3_S4_C2,AG3
393,4.00E-05,1,6.84E-05,0.001,4,corning-48-3548,D2,9,2021-12-29AG3_S4_D2,AG3
394,8.94E-05,1,6.84E-05,0.001,4,corning-48-3548,E2,10,2021-12-29AG3_S4_E2,AG3
395,0.0002,1,4.00E-05,0,4,corning-48-3548,F2,11,2021-12-29AG3_S4_F2,AG3
396,4.00E-05,1,0.0002,0.001,4,corning-48-3548,A3,12,2021-12-29AG3_S4_A3,AG3
397,0,1,0.000116961,0,4,corning-48-3548,B3,13,2021-12-29AG3_S4_B3,AG3
398,4.00E-05,1,0.000116961,0,4,corning-48-3548,C3,14,2021-12-29AG3_S4_C3,AG3
399,8.94E-05,1,0.0002,0,4,corning-48-3548,D3,15,2021-12-29AG3_S4_D3,AG3
400,0.0002,1,0.0002,0.0001,4,corning-48-3548,E3,16,2021-12-29AG3_S4_E3,AG3
401,0.0002,1,4.00E-05,0.0001,4,corning-48-3548,F3,17,2021-12-29AG3_S4_F3,AG3
402,0,1,0.0002,0,4,corning-48-3548,A4,18,2021-12-29AG3_S4_A4,AG3
403,8.94E-05,1,0.000116961,0.001,4,corning-48-3548,B4,19,2021-12-29AG3_S4_B4,AG3
404,0,1,0.0002,0.0001,4,corning-48-3548,C4,20,2021-12-29AG3_S4_C4,AG3
405,0,1,4.00E-05,0.001,4,corning-48-3548,D4,21,2021-12-29AG3_S4_D4,AG3
406,0,1,0.000116961,0.0001,4,corning-48-3548,E4,22,2021-12-29AG3_S4_E4,AG3
407,8.94E-05,1,0.0002,0.0001,4,corning-48-3548,F4,23,2021-12-29AG3_S4_F4,AG3
408,0.0002,1,0.0002,0.001,4,corning-48-3548,A5,24,2021-12-29AG3_S4_A5,AG3
409,4.00E-05,1,4.00E-05,0.0001,4,corning-48-3548,B5,25,2021-12-29AG3_S4_B5,AG3
410,8.94E-05,1,4.00E-05,0.0001,4,corning-48-3548,C5,26,2021-12-29AG3_S4_C5,AG3
411,0.0002,1,0.000116961,0.0001,4,corning-48-3548,D5,27,2021-12-29AG3_S4_D5,AG3
412,0.0002,1,4.00E-05,0.001,4,corning-48-3548,E5,28,2021-12-29AG3_S4_E5,AG3
413,8.94E-05,1,0.000116961,0.0001,4,corning-48-3548,F5,29,2021-12-29AG3_S4_F5,AG3
414,8.94E-05,1,0.000116961,0,4,corning-48-3548,A6,30,2021-12-29AG3_S4_A6,AG3
415,0,1,0.000116961,0.001,4,corning-48-3548,B6,31,2021-12-29AG3_S4_B6,AG3
416,0.0002,1,0.000116961,0,4,corning-48-3548,C6,32,2021-12-29AG3_S4_C6,AG3
417,0.0002,1,6.84E-05,0.0001,4,corning-48-3548,D6,33,2021-12-29AG3_S4_D6,AG3
418,4.00E-05,1,4.00E-05,0.001,4,corning-48-3548,E6,34,2021-12-29AG3_S4_E6,AG3
419,4.00E-05,1,0.0002,0.0001,4,corning-48-3548,F6,35,2021-12-29AG3_S4_F6,AG3
420,0.0002,1,6.84E-05,0.001,4,corning-48-3548,A7,36,2021-12-29AG3_S4_A7,AG3
421,8.94E-05,1,4.00E-05,0,4,corning-48-3548,B7,37,2021-12-29AG3_S4_B7,AG3
422,0,1,6.84E-05,0.001,4,corning-48-3548,C7,38,2021-12-29AG3_S4_C7,AG3
423,0.0002,1,0.000116961,0.001,4,corning-48-3548,D7,39,2021-12-29AG3_S4_D7,AG3
424,0,1,4.00E-05,0,4,corning-48-3548,E7,40,2021-12-29AG3_S4_E7,AG3
425,0.0002,1,0.0002,0,4,corning-48-3548,F7,41,2021-12-29AG3_S4_F7,AG3
426,4.00E-05,1,0.000116961,0.001,4,corning-48-3548,A8,42,2021-12-29AG3_S4_A8,AG3
427,0,1,6.84E-05,0.0001,4,corning-48-3548,B8,43,2021-12-29AG3_S4_B8,AG3
428,8.94E-05,1,6.84E-05,0,4,corning-48-3548,C8,44,2021-12-29AG3_S4_C8,AG3
429,0,1,0.0002,0.001,4,corning-48-3548,D8,45,2021-12-29AG3_S4_D8,AG3
430,4.00E-05,1,6.84E-05,0.0001,4,corning-48-3548,E8,46,2021-12-29AG3_S4_E8,AG3
431,4.00E-05,1,6.84E-05,0,4,corning-48-3548,F8,47,2021-12-29AG3_S4_F8,AG3
432,4.00E-05,1,0.000116961,1.00E-05,5,corning-48-3548,A1,48,2021-12-29AG3_S5_A1,AG3
433,0.0002,1,0.0002,1.00E-05,5,corning-48-3548,B1,49,2021-12-29AG3_S5_B1,AG3
434,4.00E-05,1,6.84E-05,1.00E-05,5,corning-48-3548,C1,50,2021-12-29AG3_S5_C1,AG3
435,8.94E-05,1,0.000116961,1.00E-05,5,corning-48-3548,D1,51,2021-12-29AG3_S5_D1,AG3
436,4.00E-05,1,4.00E-05,1.00E-05,5,corning-48-3548,E1,52,2021-12-29AG3_S5_E1,AG3
437,0.0002,1,6.84E-05,1.00E-05,5,corning-48-3548,F1,53,2021-12-29AG3_S5_F1,AG3
438,0,1,6.84E-05,1.00E-05,5,corning-48-3548,A2,54,2021-12-29AG3_S5_A2,AG3
439,4.00E-05,1,0.0002,1.00E-05,5,corning-48-3548,B2,55,2021-12-29AG3_S5_B2,AG3
440,8.94E-05,1,6.84E-05,1.00E-05,5,corning-48-3548,C2,56,2021-12-29AG3_S5_C2,AG3
441,0,1,4.00E-05,1.00E-05,5,corning-48-3548,D2,57,2021-12-29AG3_S5_D2,AG3
442,8.94E-05,1,0.0002,1.00E-05,5,corning-48-3548,E2,58,2021-12-29AG3_S5_E2,AG3
443,0,1,0.0002,1.00E-05,5,corning-48-3548,F2,59,2021-12-29AG3_S5_F2,AG3
444,0.0002,1,4.00E-05,1.00E-05,5,corning-48-3548,A3,60,2021-12-29AG3_S5_A3,AG3
445,0.0002,1,0.000116961,1.00E-05,5,corning-48-3548,B3,61,2021-12-29AG3_S5_B3,AG3
446,0,1,0.000116961,1.00E-05,5,corning-48-3548,C3,62,2021-12-29AG3_S5_C3,AG3
447,8.94E-05,1,4.00E-05,1.00E-05,5,corning-48-3548,D3,63,2021-12-29AG3_S5_D3,AG3
